Price,Adj Close,Adj Close,Adj Close,Adj Close,Adj Close,Close,Close,Close,Close,Close,High,High,High,High,High,Low,Low,Low,Low,Low,Open,Open,Open,Open,Open,Volume,Volume,Volume,Volume,Volume
Ticker,AAPL,JPM,NVDA,SPY,XLF,AAPL,JPM,NVDA,SPY,XLF,AAPL,JPM,NVDA,SPY,XLF,AAPL,JPM,NVDA,SPY,XLF,AAPL,JPM,NVDA,SPY,XLF,AAPL,JPM,NVDA,SPY,XLF
Date,,,,,,,,,,,,,,,,,,,,,,,,,,,,,,
2026-01-02,270.27435302734375,320.9229431152344,188.40911865234375,677.8753051757812,54.26626205444336,271.010009765625,325.4800109863281,188.85000610351562,683.1699829101562,54.93000030517578,277.8399963378906,325.7300109863281,192.92999267578125,686.8699951171875,55.0,269.0,320.739990234375,188.25999450683594,679.8200073242188,54.34000015258789,272.260009765625,322.5,189.83999633789062,685.7100219726562,54.83000183105469,37838100,8054000,148240500,89377200,36087100
2026-01-05,266.5345458984375,329.3630676269531,187.6808319091797,682.3900756835938,55.451759338378906,267.260009765625,334.0400085449219,188.1199951171875,687.719970703125,56.130001068115234,271.510009765625,337.25,193.6300048828125,689.4299926757812,56.5099983215332,266.1400146484375,325.19000244140625,186.14999389648438,686.3800048828125,54.81999969482422,270.6400146484375,325.5,191.75999450683594,686.5399780273438,54.81999969482422,45647200,10752600,183529700,71927200,58044100
2026-01-06,261.64776611328125,331.41326904296875,186.80288696289062,686.4483642578125,55.718502044677734,262.3599853515625,334.6099853515625,187.24000549316406,691.8099975585938,56.400001525878906,267.54998779296875,335.8699951171875,192.1699981689453,692.3200073242188,56.52000045776367,262.1199951171875,330.6499938964844,186.82000732421875,687.780029296875,55.9900016784668,267.0,332.6199951171875,190.52000427246094,687.9299926757812,56.040000915527344,52352100,7660800,176862600,69273800,38950800
2026-01-07,259.6233215332031,323.8660888671875,188.6685028076172,684.2356567382812,54.938045501708984,260.3299865722656,326.989990234375,189.11000061035156,689.5800170898438,55.61000061035156,263.67999267578125,332.1499938964844,191.3699951171875,693.9600219726562,56.34000015258789,259.80999755859375,324.6000061035156,186.55999755859375,689.3200073242188,55.540000915527344,263.20001220703125,331.1400146484375,188.57000732421875,692.1900024414062,56.22999954223633,48309800,9815200,153543200,75588300,44720900
2026-01-08,258.33685302734375,326.63934326171875,184.60801696777344,684.1661987304688,55.22454071044922,259.0400085449219,329.7900085449219,185.0399932861328,689.510009765625,55.900001525878906,259.2900085449219,331.3999938964844,189.5500030517578,690.6199951171875,56.25,255.6999969482422,325.6499938964844,183.7100067138672,687.489990234375,55.40999984741211,257.0199890136719,326.3900146484375,189.11000061035156,688.8200073242188,55.45000076293945,50419300,11737100,172457000,64019200,35358300
2026-01-09,258.6659240722656,326.0450744628906,184.42843627929688,688.6908569335938,55.05659484863281,259.3699951171875,329.19000244140625,184.86000061035156,694.0700073242188,55.72999954223633,260.2099914550781,331.8999938964844,186.33999633789062,695.3099975585938,56.15999984741211,256.2200012207031,328.1700134277344,183.6699981689453,689.1799926757812,55.720001220703125,259.0799865722656,329.3399963378906,185.0800018310547,690.6300048828125,55.97999954223633,39997000,6738100,131327500,80125500,29544900
2026-01-12,259.54351806640625,321.38995361328125,184.5082550048828,689.7723999023438,54.621910095214844,260.25,324.489990234375,184.94000244140625,695.1599731445312,55.290000915527344,261.29998779296875,326.0199890136719,187.1199951171875,696.0900268554688,55.36000061035156,256.79998779296875,321.2300109863281,183.02000427246094,690.6300048828125,54.84000015258789,259.1600036621094,321.8800048828125,183.22000122070312,690.6799926757812,55.029998779296875,45263800,12805100,137968500,63976000,42021600
2026-01-13,260.34136962890625,307.9297790527344,185.376220703125,688.3931884765625,53.5747184753418,261.04998779296875,310.8999938964844,185.80999755859375,693.77001953125,54.22999954223633,261.80999755859375,326.8599853515625,188.11000061035156,696.0900268554688,55.22999954223633,258.3900146484375,310.57000732421875,183.39999389648438,691.3499755859375,54.150001525878906,258.7200012207031,324.29998779296875,185.0,695.489990234375,55.150001525878906,45730800,19371200,160128900,78309700,77045100
2026-01-14,259.25433349609375,304.9287414550781,182.7124481201172,685.0095825195312,53.495689392089844,259.9599914550781,307.8699951171875,183.13999938964844,690.3599853515625,54.150001525878906,261.82000732421875,311.760009765625,184.4600067138672,691.719970703125,54.18000030517578,256.7099914550781,306.1199951171875,180.8000030517578,686.0399780273438,53.689998626708984,259.489990234375,308.20001220703125,184.32000732421875,691.0,54.04999923706055,40019400,25951500,159586100,94676700,59754600
2026-01-15,257.5090637207031,306.30548095703125,186.6133270263672,686.8750610351562,53.71302795410156,258.2099914550781,309.260009765625,187.0500030517578,692.239990234375,54.369998931884766,261.0400085449219,312.94000244140625,189.6999969482422,695.4500122070312,54.70000076293945,257.04998779296875,307.75,186.3300018310547,691.25,54.209999084472656,260.6499938964844,308.4700012207031,186.5,694.5700073242188,54.220001220703125,39388600,14751400,206188600,77862000,48490800
2026-01-16,254.83636474609375,309.48480224609375,185.79522705078125,686.2994995117188,53.78217697143555,255.52999877929688,312.4700012207031,186.22999572753906,691.6599731445312,54.439998626708984,258.8999938964844,317.2099914550781,190.44000244140625,694.25,54.7599983215332,254.92999267578125,310.0,186.0800018310547,690.0999755859375,54.290000915527344,257.8999938964844,310.3500061035156,189.0800018310547,693.6599731445312,54.369998931884766,72142800,14652500,187967200,79289200,44363200
2026-01-20,246.0303192138672,299.8477478027344,177.65428161621094,672.32861328125,52.557167053222656,246.6999969482422,302.739990234375,178.07000732421875,677.5800170898438,53.20000076293945,254.7899932861328,311.1499938964844,182.3800048828125,684.77001953125,54.11000061035156,243.4199981689453,301.8599853515625,177.61000061035156,676.5700073242188,53.099998474121094,252.72999572753906,306.2099914550781,181.89999389648438,681.489990234375,53.61000061035156,80267500,12900600,223345300,111623300,57030800
2026-01-21,246.97775268554688,299.15447998046875,182.8920440673828,680.0880737304688,52.814022064208984,247.64999389648438,302.0400085449219,183.32000732421875,685.4000244140625,53.459999084472656,251.55999755859375,305.3999938964844,185.3800048828125,688.739990234375,53.83000183105469,245.17999267578125,301.1499938964844,178.39999389648438,678.1300048828125,53.2400016784668,248.6999969482422,303.42999267578125,179.0500030517578,679.6500244140625,53.369998931884766,54641700,10270100,200381000,127844500,49360300
2026-01-22,247.67584228515625,300.729248046875,184.40847778320312,683.6403198242188,53.15979766845703,248.35000610351562,303.6300048828125,184.83999633789062,688.97998046875,53.810001373291016,251.0,308.20001220703125,186.1699981689453,691.1300048828125,54.04999923706055,248.14999389648438,302.8999938964844,183.92999267578125,686.9199829101562,53.63999938964844,249.1999969482422,304.8599853515625,184.75,689.8499755859375,53.650001525878906,39708300,10535800,139636600,77112200,46919300
2026-01-23,247.36668395996094,294.8757019042969,187.23187255859375,683.8883056640625,52.428733825683594,248.0399932861328,297.7200012207031,187.6699981689453,689.22998046875,53.06999969482422,249.41000366210938,302.3699951171875,189.60000610351562,690.9600219726562,53.5099983215332,244.67999267578125,296.510009765625,186.82000732421875,687.1599731445312,52.880001068115234,247.32000732421875,302.0,187.5,688.1500244140625,53.4900016784668,41689000,11107900,142748100,63059600,47057500
2026-01-26,254.7166748046875,298.16400146484375,186.03468322753906,687.3612670898438,52.764625549316406,255.41000366210938,301.0400085449219,186.47000122070312,692.72998046875,53.40999984741211,256.55999755859375,301.7799987792969,189.1199951171875,694.1300048828125,53.54999923706055,249.8000030517578,297.45001220703125,185.99000549316406,689.9199829101562,53.09000015258789,251.47999572753906,297.80999755859375,187.16000366210938,690.489990234375,53.099998474121094,55969200,11752700,124799600,60473800,31072700
2026-01-27,257.56890869140625,297.44097900390625,188.07989501953125,690.0997924804688,52.359580993652344,258.2699890136719,300.30999755859375,188.52000427246094,695.489990234375,53.0,261.95001220703125,301.9700012207031,190.0,696.530029296875,53.43000030517578,258.2099914550781,298.1499938964844,185.6999969482422,693.5700073242188,52.84000015258789,259.1700134277344,301.3299865722656,187.24000549316406,694.1799926757812,53.31999969482422,49648300,11527400,143711600,55506100,38633700
2026-01-28,255.74388122558594,297.89654541015625,191.07289123535156,690.0303344726562,52.349700927734375,256.44000244140625,300.7699890136719,191.52000427246094,695.4199829101562,52.9900016784668,258.8599853515625,301.9200134277344,192.35000610351562,697.8400268554688,53.209999084472656,254.50999450683594,298.04998779296875,189.83999633789062,693.9400024414062,52.7599983215332,257.6499938964844,300.2699890136719,191.27000427246094,697.0499877929688,52.93000030517578,41288000,9556700,148552700,61172200,45450800
2026-01-29,257.578857421875,303.49261474609375,192.06056213378906,688.6610717773438,52.90293502807617,258.2799987792969,306.4200134277344,192.50999450683594,694.0399780273438,53.54999923706055,259.6499938964844,306.8299865722656,193.47999572753906,697.0599975585938,53.630001068115234,254.41000366210938,302.2200012207031,186.05999755859375,684.8300170898438,52.9900016784668,258.0,302.3999938964844,191.33999633789062,696.3900146484375,53.31999969482422,67253000,11580000,171764400,97486200,51975400
2026-01-30,258.775634765625,302.9676818847656,190.6837921142578,686.607177734375,52.79426193237305,259.4800109863281,305.8900146484375,191.1300048828125,691.969970703125,53.439998626708984,261.8999938964844,307.92999267578125,194.49000549316406,694.2100219726562,53.65999984741211,252.17999267578125,302.55999755859375,189.47000122070312,687.1199951171875,53.02000045776367,255.1699981689453,305.25,191.2100067138672,691.7899780273438,53.380001068115234,92443400,11953200,179489500,101835100,42767000
2026-02-02,269.2770690917969,305.1961975097656,185.17669677734375,690.0204467773438,53.377132415771484,270.010009765625,308.1400146484375,185.61000061035156,695.4099731445312,54.029998779296875,270.489990234375,309.29998779296875,190.3000030517578,696.9299926757812,54.09000015258789,259.2099914550781,301.3699951171875,184.8800048828125,689.4199829101562,53.20000076293945,260.0299987792969,304.4599914550781,187.1999969482422,689.5800170898438,53.45000076293945,73913400,9839400,165794100,79286500,48031500
2026-02-03,268.7485046386719,311.8420715332031,179.91897583007812,684.18603515625,52.883174896240234,269.4800109863281,314.8500061035156,180.33999633789062,689.530029296875,53.529998779296875,271.8800048828125,316.25,186.27000427246094,696.9600219726562,54.16999816894531,267.6099853515625,309.1000061035156,176.22999572753906,684.030029296875,53.15999984741211,269.20001220703125,309.7300109863281,186.24000549316406,696.2100219726562,53.720001220703125,64394700,12688000,204019600,107904600,66887100
2026-02-04,275.73944091796875,314.2389221191406,173.78334045410156,680.8719482421875,53.30797576904297,276.489990234375,317.2699890136719,174.19000244140625,686.1900024414062,53.959999084472656,278.95001220703125,319.30999755859375,179.5800018310547,691.4500122070312,54.18000030517578,272.2900085449219,314.4100036621094,171.91000366210938,681.760009765625,53.400001525878906,272.2900085449219,314.4100036621094,179.4600067138672,690.3499755859375,53.5099983215332,90545700,9848800,207014100,105204600,59506400
2026-02-05,275.1610107421875,307.1968688964844,171.47872924804688,672.3683471679688,52.64607238769531,275.9100036621094,310.1600036621094,171.8800048828125,677.6199951171875,53.290000915527344,279.5,316.010009765625,176.82000732421875,683.6900024414062,54.060001373291016,273.2300109863281,305.5400085449219,171.02999877929688,675.7899780273438,53.18000030517578,278.1300048828125,315.0,174.92999267578125,680.9400024414062,53.939998626708984,52977400,9388000,206312900,113610800,64475000
2026-02-06,277.36505126953125,319.3199462890625,184.97714233398438,685.267578125,53.60435485839844,278.1199951171875,322.3999938964844,185.41000366210938,690.6199951171875,54.2599983215332,280.9100036621094,324.25,187.0,692.3099975585938,54.349998474121094,276.92999267578125,314.7099914550781,174.60000610351562,680.8499755859375,53.83000183105469,277.1199951171875,314.7099914550781,176.69000244140625,681.4600219726562,53.83000183105469,50453400,17797400,231346200,89127600,53073800
2026-02-09,274.13079833984375,319.0228271484375,189.59632873535156,688.57177734375,53.28822326660156,274.6199951171875,322.1000061035156,190.0399932861328,693.9500122070312,53.939998626708984,278.20001220703125,326.3999938964844,193.66000366210938,695.8699951171875,54.38999938964844,271.70001220703125,320.1099853515625,183.9499969482422,688.3400268554688,53.900001525878906,277.9100036621094,321.3399963378906,184.25999450683594,689.4199829101562,54.08000183105469,44623400,11477500,196387400,73885200,31699900
2026-02-10,273.19244384765625,315.2392883300781,188.09983825683594,686.7559204101562,52.90293502807617,273.67999267578125,318.2799987792969,188.5399932861328,692.1199951171875,53.54999923706055,275.3699951171875,326.1300048828125,192.47999572753906,696.5399780273438,54.2599983215332,272.94000244140625,315.1199951171875,188.1199951171875,691.6599731445312,53.119998931884766,274.8900146484375,322.54998779296875,191.3800048828125,694.9500122070312,53.70000076293945,34376900,9902200,136764800,65185700,57920800
2026-02-11,275.00921630859375,307.8505859375,189.60633850097656,686.5972290039062,52.102725982666016,275.5,310.82000732421875,190.0500030517578,691.9600219726562,52.7400016784668,280.17999267578125,325.2799987792969,193.25999450683594,697.1400146484375,53.93000030517578,274.45001220703125,308.7300109863281,188.77000427246094,689.1799926757812,52.689998626708984,274.70001220703125,323.239990234375,192.4499969482422,696.3900146484375,53.66999816894531,51931300,8703500,144192700,76353900,60339900
2026-02-12,261.2637634277344,299.74871826171875,186.5035858154297,675.9901123046875,51.06541061401367,261.7300109863281,302.6400146484375,186.94000244140625,681.27001953125,51.689998626708984,275.7200012207031,313.6199951171875,193.61000061035156,695.3499755859375,53.11000061035156,260.17999267578125,300.0199890136719,186.50999450683594,680.3699951171875,51.43000030517578,275.5899963378906,312.2799987792969,193.02999877929688,694.239990234375,52.900001525878906,81077200,13443400,189932500,118829000,94645100
2026-02-13,255.32435607910156,299.6595458984375,182.3832244873047,676.46630859375,51.02589416503906,255.77999877929688,302.54998779296875,182.80999755859375,681.75,51.650001525878906,262.2300109863281,304.2900085449219,187.5,686.280029296875,51.93000030517578,255.4499969482422,296.5199890136719,181.58999633789062,677.52001953125,51.25,262.010009765625,298.5199890136719,187.47999572753906,681.6900024414062,51.54999923706055,56290700,9114500,161888000,96267500,56449300
2026-02-17,263.4099426269531,304.19580078125,184.53819274902344,677.5578002929688,51.56924819946289,263.8800048828125,307.1300048828125,184.97000122070312,682.8499755859375,52.20000076293945,266.2900085449219,308.239990234375,187.14999389648438,684.9400024414062,52.40999984741211,255.5399932861328,302.5,179.17999267578125,675.780029296875,51.81999969482422,258.04998779296875,302.760009765625,181.75,680.1400146484375,51.81999969482422,58469100,8896800,162276900,81354700,54064700
2026-02-18,263.8791198730469,305.8300476074219,187.5411376953125,680.9711303710938,51.95453643798828,264.3500061035156,308.7799987792969,187.97999572753906,686.2899780273438,52.59000015258789,266.82000732421875,312.2799987792969,190.3699951171875,689.1500244140625,52.779998779296875,262.45001220703125,307.2200012207031,186.75999450683594,682.8300170898438,52.279998779296875,263.6000061035156,308.4599914550781,188.75,684.02001953125,52.349998474121094,34203300,7209600,164749100,73570300,45224000
2026-02-19,260.11578369140625,305.1070251464844,187.46133422851562,679.1751708984375,51.51985168457031,260.5799865722656,308.04998779296875,187.89999389648438,684.47998046875,52.150001525878906,264.4800109863281,309.17999267578125,188.42999267578125,686.1799926757812,52.380001068115234,260.04998779296875,305.1199951171875,185.66000366210938,681.5499877929688,51.7400016784668,262.6000061035156,307.1700134277344,187.05999755859375,683.8400268554688,52.13999938964844,30845300,6737700,126554500,58649400,47344400
2026-02-20,264.1086730957031,307.82086181640625,189.37686157226562,684.0868530273438,51.85574722290039,264.5799865722656,310.7900085449219,189.82000732421875,689.4299926757812,52.4900016784668,264.75,311.0,190.3300018310547,690.0599975585938,52.5,258.1600036621094,305.67999267578125,185.94000244140625,681.72998046875,51.720001220703125,258.9700012207031,308.3999938964844,186.57000732421875,682.3200073242188,52.040000915527344,42070500,7792700,178422300,100034000,52934100
2026-02-23,265.705810546875,294.82623291015625,191.1028289794922,677.1013793945312,50.11701202392578,266.17999267578125,297.6700134277344,191.5500030517578,682.3900146484375,50.72999954223633,269.42999267578125,311.0,193.9499969482422,690.0,52.470001220703125,263.3800048828125,295.1000061035156,189.5800018310547,680.3699951171875,50.63999938964844,263.489990234375,308.79998779296875,191.39999389648438,687.8300170898438,52.189998626708984,37308200,12955400,171584800,90558100,94600400
2026-02-24,271.6552429199219,294.459716796875,192.39979553222656,682.0228881835938,50.363990783691406,272.1400146484375,297.29998779296875,192.85000610351562,687.3499755859375,50.97999954223633,274.8900146484375,299.75,193.77000427246094,688.3499755859375,51.18000030517578,267.7099914550781,291.3800048828125,187.39999389648438,680.0,50.2400016784668,267.8599853515625,296.82000732421875,191.49000549316406,681.9000244140625,50.45000076293945,47014600,13554100,175123600,73798700,64114100
2026-02-25,273.74151611328125,300.4023742675781,195.10345458984375,687.7780151367188,51.24323654174805,274.2300109863281,303.29998779296875,195.55999755859375,693.1500244140625,51.869998931884766,274.94000244140625,303.6600036621094,197.6300048828125,693.6799926757812,51.88999938964844,271.04998779296875,297.010009765625,193.7899932861328,690.0999755859375,51.16999816894531,271.7799987792969,298.6400146484375,194.4499969482422,690.1799926757812,51.2400016784668,33714300,8095500,250637100,56369500,47652800
2026-02-26,272.4637756347656,303.20538330078125,184.4583740234375,683.957763671875,51.865623474121094,272.95001220703125,306.1300048828125,184.88999938964844,689.2999877929688,52.5,276.1099853515625,309.010009765625,194.2899932861328,693.2999877929688,52.65999984741211,270.79998779296875,303.6400146484375,184.32000732421875,684.3499755859375,51.97999954223633,274.95001220703125,304.5799865722656,194.27000427246094,693.280029296875,52.06999969482422,32345100,7007800,360807900,71671000,60884300
2026-02-27,263.70941162109375,297.4310607910156,176.77635192871094,680.6734619140625,50.80855178833008,264.17999267578125,300.29998779296875,177.19000244140625,685.989990234375,51.43000030517578,272.80999755859375,302.95001220703125,182.58999633789062,686.8599853515625,52.060001373291016,262.8900146484375,294.45001220703125,176.3800048828125,681.6400146484375,51.0099983215332,272.80999755859375,300.0,181.25,683.0900268554688,51.880001068115234,72366500,18620800,311636500,83308900,81998700
2026-03-02,264.2484130859375,294.7172546386719,182.05398559570312,681.0604248046875,50.680118560791016,264.7200012207031,297.55999755859375,182.47999572753906,686.3800048828125,51.29999923706055,266.5299987792969,299.9800109863281,183.4600067138672,688.6199951171875,51.630001068115234,260.20001220703125,293.2099914550781,174.63999938964844,678.02001953125,50.459999084472656,262.4100036621094,294.80999755859375,175.00999450683594,678.7000122070312,50.61000061035156,41827900,8508900,209095300,87477200,70107200
2026-03-03,263.2801818847656,297.3914489746094,179.62966918945312,675.057373046875,50.591209411621094,263.75,300.260009765625,180.0500030517578,680.3300170898438,51.209999084472656,265.55999755859375,302.3900146484375,180.89999389648438,682.6099853515625,51.54999923706055,260.1300048828125,289.5,176.9199981689453,669.6599731445312,50.08000183105469,263.4800109863281,292.2900085449219,178.49000549316406,675.0599975585938,50.290000915527344,38568900,10278200,178099400,105003100,94738700
2026-03-04,262.0523376464844,296.52978515625,182.61268615722656,679.8201904296875,50.87770462036133,262.5199890136719,299.3900146484375,183.0399932861328,685.1300048828125,51.5,266.1499938964844,301.0,184.6999969482422,687.0900268554688,51.650001525878906,261.4200134277344,295.82000732421875,180.05999755859375,679.6199951171875,51.08000183105469,264.6499938964844,299.989990234375,180.44000244140625,681.6300048828125,51.33000183105469,39803100,8055700,177731200,79182200,51472400
2026-03-05,259.8263244628906,290.74554443359375,182.9119873046875,676.0297241210938,50.6109733581543,260.2900085449219,293.54998779296875,183.33999633789062,681.3099975585938,51.22999954223633,261.55999755859375,301.239990234375,184.05999755859375,685.530029296875,51.81999969482422,257.25,292.42999267578125,177.8800048828125,675.6099853515625,50.90999984741211,260.7900085449219,297.9800109863281,181.1699981689453,682.0800170898438,51.2400016784668,49658600,12732500,198779700,106606500,58430700
2026-03-06,257.0013427734375,286.7144470214844,177.4048614501953,667.1688842773438,49.95893859863281,257.4599914550781,289.4800109863281,177.82000732421875,672.3800048828125,50.56999969482422,258.7699890136719,289.989990234375,182.75999450683594,676.1099853515625,50.619998931884766,254.3699951171875,283.7099914550781,176.82000732421875,669.760009765625,49.75,258.6300048828125,286.3399963378906,179.83999633789062,673.4099731445312,50.439998626708984,41120000,13496500,189021900,100687000,75632700
2026-03-09,259.41705322265625,287.1502685546875,182.2235870361328,673.0133056640625,49.72184371948242,259.8800048828125,289.9200134277344,182.64999389648438,678.27001953125,50.33000183105469,261.1499938964844,291.1000061035156,182.91000366210938,679.9199829101562,50.52000045776367,253.67999267578125,280.45001220703125,175.55999755859375,662.3900146484375,49.18000030517578,255.69000244140625,285.5,176.8300018310547,666.3900146484375,49.91999816894531,38218500,12241100,177213600,102667700,78178700
2026-03-10,260.3653564453125,285.97161865234375,184.33865356445312,671.9317626953125,49.455108642578125,260.8299865722656,288.7300109863281,184.77000427246094,677.1799926757812,50.060001373291016,262.4800109863281,292.75,186.44000244140625,683.3599853515625,50.689998626708984,256.95001220703125,287.17999267578125,182.00999450683594,674.760009765625,49.75,257.6499938964844,289.2900085449219,182.39999389648438,677.719970703125,50.33000183105469,30590800,8344900,179118500,81505300,70834200
2026-03-11,260.34539794921875,284.7731628417969,185.60574340820312,671.08837890625,49.040184020996094,260.80999755859375,287.5199890136719,186.02999877929688,676.3300170898438,49.63999938964844,262.1300048828125,290.4800109863281,187.6199951171875,680.0800170898438,50.119998931884766,259.54998779296875,284.8599853515625,184.4499969482422,673.3400268554688,49.220001220703125,261.0899963378906,288.80999755859375,185.91000366210938,677.5800170898438,49.97999954223633,26218900,10205000,145280400,68441700,56301200
2026-03-12,255.3043975830078,280.18743896484375,182.7223358154297,660.89794921875,48.23997116088867,255.75999450683594,282.8900146484375,183.13999938964844,666.0599975585938,48.83000183105469,258.95001220703125,283.8800048828125,184.94000244140625,671.6500244140625,49.220001220703125,254.17999267578125,279.1000061035156,181.75,665.8699951171875,48.790000915527344,258.6600036621094,282.8299865722656,184.0500030517578,671.1599731445312,48.97999954223633,40794000,13760500,155762700,108882200,67871700
2026-03-13,249.6744384765625,280.7321472167969,179.8389434814453,657.1571655273438,48.29924392700195,250.1199951171875,283.44000244140625,180.25,662.2899780273438,48.88999938964844,256.3299865722656,287.19000244140625,186.08999633789062,672.3400268554688,49.459999084472656,249.52000427246094,282.95001220703125,179.94000244140625,661.3599853515625,48.849998474121094,255.47999572753906,284.6700134277344,184.9199981689453,669.27001953125,49.11000061035156,36930000,9091200,160988400,97200200,47595200
2026-03-16,252.36964416503906,283.4261474609375,182.80215454101562,663.844970703125,48.70429229736328,252.82000732421875,286.1600036621094,183.22000122070312,669.030029296875,49.29999923706055,253.88999938964844,289.2699890136719,188.8800048828125,672.0700073242188,49.75,249.8800048828125,284.6099853515625,181.41000366210938,667.1199951171875,49.11000061035156,252.11000061035156,286.3399963378906,182.97000122070312,668.3800048828125,49.25,32074200,8149000,217307400,82023100,45720100
2026-03-17,253.77711486816406,284.1492004394531,181.51510620117188,665.5912475585938,48.961151123046875,254.22999572753906,286.8900146484375,181.92999267578125,670.7899780273438,49.560001373291016,255.1300048828125,291.760009765625,185.39999389648438,674.4400024414062,50.189998626708984,252.17999267578125,285.95001220703125,181.67999267578125,669.7000122070312,49.5099983215332,252.9600067138672,289.0,185.05999755859375,672.3900146484375,49.70000076293945,32361600,8961200,182497800,87128000,46974000
2026-03-18,249.49476623535156,284.99102783203125,179.98858642578125,656.3037719726562,48.37828063964844,249.94000244140625,287.739990234375,180.39999389648438,661.4299926757812,48.970001220703125,254.94000244140625,289.4100036621094,183.3800048828125,669.719970703125,49.709999084472656,249.0,285.1199951171875,180.3300018310547,661.1900024414062,48.91999816894531,252.6300048828125,286.8299865722656,182.47999572753906,668.3599853515625,49.369998931884766,35757900,10057000,156683100,82062600,49239100
2026-03-19,248.5165252685547,285.2188720703125,178.15277099609375,654.6864013671875,48.39803695678711,248.9600067138672,287.9700012207031,178.55999755859375,659.7999877929688,48.9900016784668,251.8300018310547,289.510009765625,179.97999572753906,662.97998046875,49.18000030517578,247.3000030517578,284.6199951171875,175.7899932861328,655.1699829101562,48.52000045776367,249.39999389648438,286.8800048828125,178.00999450683594,656.969970703125,48.77000045776367,34864100,9846700,170968500,111272500,58374000
2026-03-20,247.54823303222656,283.82232666015625,172.30615234375,645.301025390625,48.4869499206543,247.99000549316406,286.55999755859375,172.6999969482422,648.5700073242188,49.08000183105469,249.1999969482422,290.7099914550781,178.25999450683594,656.6900024414062,49.34000015258789,246.0,285.2699890136719,171.72000122070312,644.719970703125,48.790000915527344,247.97999572753906,288.0799865722656,178.0,656.510009765625,48.959999084472656,88331100,22436500,241323500,163617500,82914000
2026-03-23,251.04200744628906,287.14031982421875,175.23944091796875,652.07666015625,48.92485809326172,251.49000549316406,289.9100036621094,175.63999938964844,655.3800048828125,49.27000045776367,254.60000610351562,295.75,178.3699951171875,662.6199951171875,49.86000061035156,250.27999877929688,287.9700012207031,174.75999450683594,653.9400024414062,49.220001220703125,253.97000122070312,294.30999755859375,177.25999450683594,658.0700073242188,49.70000076293945,40546100,11470800,182836300,134802700,81044800
2026-03-24,251.1917266845703,289.6065368652344,174.80044555664062,649.8877563476562,48.93478775024414,251.63999938964844,292.3999938964844,175.1999969482422,653.1799926757812,49.279998779296875,254.8300018310547,295.4800109863281,176.22000122070312,657.030029296875,49.59000015258789,249.5500030517578,285.3699951171875,173.97999572753906,649.8800048828125,48.779998779296875,250.35000610351562,286.1700134277344,174.8300018310547,651.3200073242188,48.79999923706055,45152300,11092300,147667800,96457500,43296400
2026-03-25,252.16998291015625,292.59771728515625,178.2725067138672,653.5093994140625,48.99436569213867,252.6199951171875,295.4200134277344,178.67999267578125,656.8200073242188,49.34000015258789,255.0,297.6400146484375,181.22000122070312,660.8900146484375,49.95000076293945,251.60000610351562,292.44000244140625,176.85000610351562,654.239990234375,48.9900016784668,254.10000610351562,294.1499938964844,177.10000610351562,658.6699829101562,49.59000015258789,28476700,12188200,162602100,90653800,40438800
2026-03-26,252.43951416015625,288.87359619140625,170.8494873046875,641.8385620117188,48.706398010253906,252.88999938964844,291.6600036621094,171.24000549316406,645.0900268554688,49.04999923706055,257.0,294.989990234375,176.50999450683594,654.8499755859375,49.4900016784668,250.77000427246094,290.7300109863281,171.13999938964844,644.8200073242188,48.880001068115234,252.1199951171875,292.5799865722656,176.07000732421875,652.0599975585938,49.11000061035156,41796700,8669200,186152200,96494400,45035700
2026-03-27,248.35679626464844,280.13787841796875,167.13796997070312,630.8939819335938,47.4750862121582,248.8000030517578,282.8399963378906,167.52000427246094,634.0900268554688,47.810001373291016,255.49000549316406,290.1099853515625,170.97000122070312,642.6599731445312,48.84000015258789,248.07000732421875,281.75,167.00999450683594,633.1099853515625,47.66999816894531,253.89999389648438,289.1400146484375,170.0,642.5,48.790000915527344,47900000,9873300,196212700,103649400,64823900
2026-03-30,246.19065856933594,281.0589904785156,164.79331970214844,628.78466796875,48.02123260498047,246.6300048828125,283.7699890136719,165.1699981689453,631.969970703125,48.36000061035156,250.8699951171875,287.25,169.4499969482422,640.3699951171875,48.720001220703125,245.50999450683594,282.3299865722656,164.27000427246094,629.280029296875,48.09000015258789,250.07000732421875,284.739990234375,168.77999877929688,640.1099853515625,48.22999954223633,39446200,11734400,185627000,99275900,58128900
2026-03-31,253.33790588378906,291.3497314453125,174.00225830078125,647.0620727539062,49.0241584777832,253.7899932861328,294.1600036621094,174.39999389648438,650.3400268554688,49.369998931884766,255.47999572753906,295.07000732421875,174.6199951171875,651.5399780273438,49.459999084472656,247.10000610351562,284.95001220703125,166.9600067138672,637.97998046875,48.5099983215332,247.91000366210938,288.4700012207031,166.97000122070312,638.9400024414062,48.91999816894531,49598100,12956900,226181300,152534100,85361900
2026-04-01,255.1746368408203,292.5580749511719,175.34918212890625,651.9373779296875,49.093666076660156,255.6300048828125,295.3800048828125,175.75,655.239990234375,49.439998626708984,256.17999267578125,298.7200012207031,177.3699951171875,658.52001953125,49.849998474121094,253.3300018310547,292.9100036621094,174.75,653.0,49.13999938964844,254.0800018310547,295.3900146484375,176.0,653.9000244140625,49.79999923706055,40059400,11267200,168132000,97841500,61558300
2026-04-02,255.464111328125,291.7855224609375,176.98545837402344,652.5244140625,49.18303298950195,255.9199981689453,294.6000061035156,177.38999938964844,655.8300170898438,49.529998779296875,256.1300048828125,295.6199951171875,177.49000549316406,658.2000122070312,49.810001373291016,250.64999389648438,288.7200012207031,171.3699951171875,645.1099853515625,48.599998474121094,254.1999969482422,291.9100036621094,172.17999267578125,646.4199829101562,48.83000183105469,31289400,6669300,143143200,68358700,39519800
2026-04-06,258.39886474609375,294.125,177.23487854003906,655.6088256835938,49.53058624267578,258.8599853515625,295.45001220703125,177.63999938964844,658.9299926757812,49.880001068115234,262.1600036621094,296.8299865722656,177.7899932861328,659.719970703125,50.0099983215332,256.4599914550781,293.20001220703125,175.75999450683594,655.52001953125,49.45000076293945,256.510009765625,294.05999755859375,177.16000366210938,655.8599853515625,49.5099983215332,29329900,7142600,107564300,39105800,27345800
2026-04-07,253.0484161376953,296.0662536621094,177.69383239746094,655.8972778320312,49.53058624267578,253.5,297.3999938964844,178.10000610351562,659.219970703125,49.880001068115234,256.20001220703125,298.17999267578125,178.22999572753906,659.6099853515625,50.02000045776367,245.6999969482422,292.70001220703125,173.66000366210938,651.0599975585938,49.5,256.1600036621094,293.1400146484375,175.72999572753906,656.6500244140625,49.619998931884766,62148000,7849100,132534900,69980400,31750000
2026-04-08,258.4388122558594,306.5888366699219,181.66476440429688,672.6027221679688,50.841339111328125,258.8999938964844,307.9700012207031,182.0800018310547,676.010009765625,51.20000076293945,259.75,311.260009765625,185.25999450683594,677.0800170898438,51.47999954223633,256.5299987792969,305.3299865722656,180.3000030517578,671.4600219726562,50.959999084472656,258.45001220703125,307.9700012207031,184.5,676.3900146484375,51.189998626708984,41032800,10590200,147732700,93606100,48175400
2026-04-09,260.0259704589844,308.938232421875,183.4906005859375,676.4829711914062,50.970428466796875,260.489990234375,310.3299865722656,183.91000366210938,679.9099731445312,51.33000183105469,261.1199951171875,311.260009765625,184.0800018310547,681.1599731445312,51.540000915527344,256.07000732421875,306.1099853515625,180.6199951171875,673.77001953125,50.79999923706055,259.0,306.95001220703125,181.83999633789062,674.8400268554688,50.939998626708984,28121600,6586600,116428500,57134400,30330500
2026-04-10,260.0159912109375,308.4803161621094,188.1998291015625,676.0353393554688,50.41434860229492,260.4800109863281,309.8699951171875,188.6300048828125,679.4600219726562,50.77000045776367,262.19000244140625,310.3500061035156,190.0,682.030029296875,51.290000915527344,259.0199890136719,306.7200012207031,184.3000030517578,678.4500122070312,50.63999938964844,259.9800109863281,310.0,184.30999755859375,681.3200073242188,51.22999954223633,31291500,6069700,160459500,42253500,35427500
2026-04-13,258.73828125,312.2732238769531,188.87826538085938,682.641845703125,51.29811477661133,259.20001220703125,313.67999267578125,189.30999755859375,686.0999755859375,51.65999984741211,260.17999267578125,313.739990234375,189.66000366210938,686.2999877929688,51.66999816894531,256.6600036621094,305.4599914550781,185.74000549316406,676.5800170898438,50.41999816894531,259.7300109863281,307.4700012207031,186.02999877929688,677.4099731445312,50.5,36234700,8318200,133648200,54185800,33635900
2026-04-14,258.3689270019531,309.7247009277344,196.0618438720703,690.959716796875,51.41727066040039,258.8299865722656,311.1199951171875,196.50999450683594,694.4600219726562,51.779998779296875,261.92999267578125,314.32000732421875,196.50999450683594,694.5800170898438,51.90999984741211,257.19000244140625,308.8699951171875,190.77000427246094,687.6599731445312,51.439998626708984,259.25,309.82000732421875,190.83999633789062,687.6900024414062,51.5099983215332,48370700,11455500,161307000,63480500,36498400
2026-04-15,265.95538330078125,304.5579833984375,198.41647338867188,696.412109375,51.80453872680664,266.42999267578125,305.92999267578125,198.8699951171875,699.9400024414062,52.16999816894531,266.55999755859375,314.239990234375,200.39999389648438,700.280029296875,52.33000183105469,257.80999755859375,304.260009765625,195.74000549316406,694.2000122070312,51.81999969482422,258.1600036621094,313.95001220703125,196.5399932861328,695.260009765625,52.06999969482422,49913500,9885800,185338400,58240400,33804700
2026-04-16,262.9307861328125,308.5599670410156,197.8976593017578,698.1234130859375,51.66551971435547,263.3999938964844,309.95001220703125,198.35000610351562,701.6599731445312,52.029998779296875,267.1600036621094,309.95001220703125,199.85000610351562,702.780029296875,52.40999984741211,261.2699890136719,305.20001220703125,195.80999755859375,698.530029296875,51.91999816894531,266.79998779296875,305.3500061035156,197.42999267578125,701.0599975585938,52.09000015258789,43323100,8208600,134012900,49972400,25432000
2026-04-17,269.7486267089844,308.8984375,201.2200469970703,706.5607299804688,52.062721252441406,270.2300109863281,310.2900085449219,201.67999267578125,710.1400146484375,52.43000030517578,272.29998779296875,314.8999938964844,201.6999969482422,712.3900146484375,52.97999954223633,266.7200012207031,310.0899963378906,199.27000427246094,705.760009765625,52.29999923706055,266.9599914550781,312.4700012207031,199.89999389648438,706.1400146484375,52.369998931884766,61436200,11082400,160324400,70661900,45183400
2026-04-20,272.5635681152344,315.5683898925781,201.59918212890625,705.1477661132812,52.26131820678711,273.04998779296875,316.989990234375,202.05999755859375,708.719970703125,52.630001068115234,274.2799987792969,317.1300048828125,202.1699981689453,709.9099731445312,52.7599983215332,270.2900085449219,310.3699951171875,197.83999633789062,706.1400146484375,52.2599983215332,270.3299865722656,310.8500061035156,199.97999572753906,708.780029296875,52.34000015258789,36590200,10772000,119381400,43546800,26160600
2026-04-21,265.69586181640625,311.5962829589844,199.42417907714844,700.53125,51.93362808227539,266.1700134277344,313.0,199.8800048828125,704.0800170898438,52.29999923706055,272.79998779296875,320.239990234375,202.75,711.280029296875,53.189998626708984,265.3999938964844,312.75,199.0,702.6400146484375,52.20000076293945,271.5,317.489990234375,202.1300048828125,710.280029296875,52.709999084472656,50209800,7084300,107945300,58941400,34150100
2026-04-22,272.68341064453125,311.6161804199219,202.03819274902344,707.6253051757812,51.844261169433594,273.1700134277344,313.0199890136719,202.5,711.2100219726562,52.209999084472656,273.739990234375,315.1499938964844,202.5,711.4500122070312,52.650001525878906,266.8699951171875,311.94000244140625,199.0,708.219970703125,52.06999969482422,267.82000732421875,314.8500061035156,200.99000549316406,709.1500244140625,52.47999954223633,43249200,5545900,107501000,42518500,31838400
2026-04-23,272.9429016113281,310.29217529296875,199.18470764160156,704.8792114257812,51.4371337890625,273.42999267578125,311.69000244140625,199.63999938964844,708.4500122070312,51.79999923706055,275.7699890136719,314.989990234375,203.8300018310547,712.3599853515625,52.16999816894531,271.6499938964844,308.8900146484375,197.22000122070312,702.280029296875,51.29999923706055,275.04998779296875,313.5199890136719,202.4600067138672,709.5,52.08000183105469,33399600,6969700,113561800,56174000,44647900
2026-04-24,270.5771179199219,306.8974609375,207.79502868652344,710.341552734375,51.05979537963867,271.05999755859375,308.2799987792969,208.27000427246094,713.9400024414062,51.41999816894531,273.05999755859375,311.1499938964844,210.9499969482422,714.469970703125,51.66999816894531,269.6499938964844,307.8900146484375,199.80999755859375,709.010009765625,51.31999969482422,272.760009765625,311.1499938964844,199.9600067138672,710.75,51.58000183105469,38157100,5215300,214134400,45182000,27225300
2026-04-27,267.1332702636719,310.232421875,216.1160125732422,711.5653076171875,51.44706726074219,267.6099853515625,311.6300048828125,216.61000061035156,715.1699829101562,51.810001373291016,268.3599853515625,312.5799865722656,216.8300018310547,715.6300048828125,51.900001525878906,265.07000732421875,306.8800048828125,207.3800048828125,712.2999877929688,51.27000045776367,266.0899963378906,306.8800048828125,209.64999389648438,713.1699829101562,51.310001373291016,41466800,7925300,187172400,33135900,25764300
2026-04-28,270.2277526855469,310.0532531738281,212.68385314941406,708.1028442382812,51.48678207397461,270.7099914550781,311.45001220703125,213.1699981689453,711.6900024414062,51.849998474121094,273.2300109863281,315.45001220703125,214.72999572753906,712.8800048828125,52.400001525878906,268.6600036621094,311.1700134277344,208.1999969482422,709.25,51.79999923706055,272.3399963378906,315.20001220703125,209.49000549316406,711.8200073242188,52.20000076293945,40018900,7398600,180275400,43117400,24337500
2026-04-29,269.688720703125,307.86309814453125,208.77279663085938,707.993408203125,51.55629348754883,270.1700134277344,309.25,209.25,711.5800170898438,51.91999816894531,271.0400085449219,312.04998779296875,212.72000122070312,712.2000122070312,52.29999923706055,267.0400085449219,307.2900085449219,207.5800018310547,708.3699951171875,51.70000076293945,267.54998779296875,310.57000732421875,212.6999969482422,711.0,52.130001068115234,30047900,8031800,123711800,41859200,22153100
2026-04-30,270.86663818359375,311.82525634765625,199.1148681640625,715.0377197265625,51.76482391357422,271.3500061035156,313.2300109863281,199.57000732421875,718.6599731445312,52.130001068115234,276.0,314.1000061035156,210.3000030517578,719.7899780273438,52.25,268.1400146484375,306.57000732421875,198.6999969482422,710.4500122070312,51.20000076293945,270.5,307.07000732421875,209.92999267578125,714.6300048828125,51.5099983215332,91848200,8865400,225239200,67240900,31406400
2026-05-01,279.6409912109375,311.06866455078125,197.9974365234375,717.0177001953125,51.55629348754883,280.1400146484375,312.4700012207031,198.4499969482422,720.6500244140625,51.91999816894531,287.2200012207031,316.0799865722656,203.0,724.8699951171875,52.61000061035156,278.3699951171875,311.8299865722656,197.1199951171875,720.469970703125,51.91999816894531,278.8599853515625,313.95001220703125,201.27999877929688,721.25,52.400001525878906,79915400,6135400,128647000,43049800,39618200
2026-05-04,276.3368225097656,306.270263671875,198.02734375,714.3909912109375,51.21867752075195,276.8299865722656,307.6499938964844,198.47999572753906,718.010009765625,51.58000183105469,280.6300048828125,310.6499938964844,201.72999572753906,722.1199951171875,52.189998626708984,274.8599853515625,306.510009765625,194.74000549316406,714.989990234375,51.4900016784668,279.6600036621094,310.6199951171875,199.5,720.0700073242188,51.779998779296875,46668400,7338200,125368100,51950600,44456300
2026-05-05,283.67376708984375,308.0124206542969,196.05186462402344,720.1220092773438,51.228607177734375,284.17999267578125,309.3999938964844,196.5,723.77001953125,51.59000015258789,284.57000732421875,310.9700012207031,200.24000549316406,725.0399780273438,51.77000045776367,276.5,306.79998779296875,196.02999877929688,721.489990234375,51.380001068115234,276.92999267578125,307.7099914550781,199.3000030517578,721.77001953125,51.56999969482422,49311700,6316800,113406600,36933200,27419600
2026-05-06,286.99786376953125,313.4877624511719,207.3560333251953,730.1312866210938,51.47685241699219,287.510009765625,314.8999938964844,207.8300018310547,733.8300170898438,51.84000015258789,288.0299987792969,316.260009765625,208.27000427246094,734.5900268554688,52.2400016784668,281.07000732421875,311.3500061035156,198.61000061035156,727.8200073242188,51.779998779296875,281.9200134277344,311.45001220703125,199.88999938964844,728.1599731445312,51.91999816894531,58336100,8629500,188362800,53288900,39084600
2026-05-07,286.927978515625,304.8964538574219,211.01766967773438,727.8926391601562,51.18888473510742,287.44000244140625,306.2699890136719,211.5,731.5800170898438,51.54999923706055,292.1300048828125,316.29998779296875,214.1999969482422,736.1300048828125,52.08000183105469,285.7799987792969,306.1400146484375,206.5,729.75,51.41999816894531,289.2699890136719,314.6499938964844,208.33999633789062,735.0499877929688,51.779998779296875,45224300,8359600,168307900,51724600,36983100
2026-05-08,292.7974853515625,300.74517822265625,214.709228515625,733.9021606445312,50.88105773925781,293.32000732421875,302.1000061035156,215.1999969482422,737.6199951171875,51.2400016784668,294.760009765625,308.989990234375,217.8000030517578,738.0800170898438,51.7400016784668,290.0,300.5,212.88999938964844,734.5700073242188,51.13999938964844,290.010009765625,308.25,213.02999877929688,734.9299926757812,51.68000030517578,52692800,9464300,136421400,47227100,29627700
2026-05-11,292.42779541015625,298.6545715332031,218.93955993652344,735.5736694335938,50.821475982666016,292.67999267578125,300.0,219.44000244140625,739.2999877929688,51.18000030517578,293.8800048828125,303.19000244140625,222.3000030517578,740.7899780273438,51.459999084472656,290.2300109863281,298.8800048828125,213.88999938964844,736.4500122070312,50.959999084472656,291.9800109863281,302.1000061035156,214.0399932861328,736.4500122070312,51.2599983215332,42247300,9512000,160685800,44024000,30759200
2026-05-12,294.54595947265625,303.5126953125,220.27650451660156,734.4593505859375,51.21867752075195,294.79998779296875,304.8800048828125,220.77999877929688,738.1799926757812,51.58000183105469,295.2699890136719,306.05999755859375,223.75,738.8400268554688,51.70000076293945,292.55999755859375,295.54998779296875,214.9199981689453,731.8300170898438,50.810001373291016,292.55999755859375,300.0199890136719,218.5500030517578,736.8900146484375,51.18000030517578,45748100,9498200,159176600,54185300,44193700
2026-05-13,298.6124572753906,298.9034729003906,225.3149871826172,738.5685424804688,50.632808685302734,298.8699951171875,300.25,225.8300018310547,742.3099975585938,50.9900016784668,300.9200134277344,303.0,227.83999633789062,743.9099731445312,51.33000183105469,293.5,300.07000732421875,221.57000732421875,735.469970703125,50.959999084472656,293.5,302.2699890136719,224.92999267578125,738.469970703125,51.13999938964844,52684300,7709500,150405400,44200200,33440200
2026-05-14,297.9530334472656,298.56500244140625,235.202392578125,744.3989868164062,50.93070983886719,298.2099914550781,299.9100036621094,235.74000549316406,748.1699829101562,51.290000915527344,300.45001220703125,303.75,236.5399932861328,749.530029296875,51.4900016784668,295.3800048828125,298.80999755859375,229.3000030517578,743.5599975585938,51.099998474121094,299.82000732421875,302.25,229.85000610351562,743.6500244140625,51.27000045776367,35324900,7364300,180782900,45307600,37059700
2026-05-15,299.9713134765625,296.4743957519531,224.80615234375,735.4443969726562,50.74203872680664,300.2300109863281,297.80999755859375,225.32000732421875,739.1699829101562,51.099998474121094,303.20001220703125,300.7900085449219,231.5,743.4600219726562,51.5,296.5199890136719,296.45001220703125,224.24000549316406,737.9600219726562,51.040000915527344,297.8999938964844,300.2099914550781,229.75999450683594,741.7899780273438,51.31999969482422,54862800,8699300,180977600,60410800,29789800
2026-05-18,297.5833435058594,299.3813171386719,221.81300354003906,734.927001953125,51.37755584716797,297.8399963378906,300.7300109863281,222.32000732421875,738.6500244140625,51.7400016784668,300.6600036621094,301.260009765625,230.0,741.4199829101562,51.79999923706055,294.9100036621094,297.2200012207031,218.3699951171875,733.3900146484375,50.970001220703125,300.239990234375,298.0,229.8699951171875,739.8300170898438,51.0099983215332,34483000,7546300,146280900,47843900,32974600
2026-05-19,298.7123718261719,294.3738708496094,220.1068878173828,730.0317993164062,50.74203872680664,298.9700012207031,295.70001220703125,220.61000061035156,733.72998046875,51.099998474121094,300.510009765625,301.7900085449219,224.47999572753906,737.6500244140625,51.790000915527344,296.3500061035156,295.260009765625,217.91000366210938,731.530029296875,51.04999923706055,296.9700012207031,301.0899963378906,219.6199951171875,734.780029296875,51.630001068115234,42243600,8066900,140948200,54255900,35956300
2026-05-20,301.98956298828125,300.625732421875,222.9603729248047,737.5138549804688,51.29811477661133,302.25,301.9800109863281,223.47000122070312,741.25,51.65999984741211,302.79998779296875,302.92999267578125,226.1300048828125,741.8699951171875,51.709999084472656,298.0799865722656,293.6700134277344,220.5,733.8900146484375,50.779998779296875,298.17999267578125,296.70001220703125,223.17999267578125,735.7100219726562,51.22999954223633,38229800,9327000,184201600,45768000,42148400
2026-05-21,304.7271728515625,301.6411437988281,219.0093994140625,738.9764404296875,51.36762619018555,304.989990234375,303.0,219.50999450683594,742.719970703125,51.72999954223633,305.5400085449219,303.9800109863281,227.39999389648438,744.8699951171875,51.83000183105469,300.3999938964844,300.2099914550781,217.92999267578125,737.030029296875,51.209999084472656,301.05999755859375,301.2300109863281,222.2899932861328,738.6400146484375,51.459999084472656,42965100,7874400,203381800,43332200,33344200
2026-05-22,308.55389404296875,305.0059814453125,214.83892822265625,741.8817749023438,51.57615280151367,308.82000732421875,306.3800048828125,215.3300018310547,745.6400146484375,51.939998626708984,311.3999938964844,307.45001220703125,221.00999450683594,748.9400024414062,52.16999816894531,305.8399963378906,303.8399963378906,214.8000030517578,744.47998046875,51.84000015258789,306.1199951171875,304.67999267578125,220.89999389648438,746.239990234375,51.900001525878906,43670200,5973900,169275700,41762000,23308000
2026-05-26,308.0643005371094,305.3643493652344,214.37001037597656,746.8068237304688,51.48678207397461,308.3299865722656,306.739990234375,214.86000061035156,750.5900268554688,51.849998474121094,311.82000732421875,309.92999267578125,218.17999267578125,752.1300048828125,52.22999954223633,307.6700134277344,305.44000244140625,212.0,748.3699951171875,51.720001220703125,309.55999755859375,308.489990234375,216.5399932861328,750.010009765625,52.0,48000500,7725400,187202600,41123600,24530200
2026-05-27,310.5821533203125,297.93780517578125,212.1151580810547,746.677490234375,51.05979537963867,310.8500061035156,299.2799987792969,212.60000610351562,750.4600219726562,51.41999816894531,313.260009765625,305.8999938964844,214.14999389648438,751.3800048828125,51.9900016784668,308.29998779296875,295.75,208.77999877929688,748.219970703125,51.29999923706055,308.3299865722656,305.0,214.1199951171875,750.8800048828125,51.7400016784668,50430900,11779200,167601200,42106300,45239100
2026-05-28,312.24072265625,295.3992614746094,213.7613983154297,750.7965698242188,50.91084671020508,312.510009765625,296.7300109863281,214.25,754.5999755859375,51.27000045776367,312.79998779296875,301.07000732421875,215.52000427246094,755.1500244140625,51.5,309.57000732421875,295.75,211.22000122070312,749.22998046875,51.02000045776367,310.67999267578125,297.57000732421875,211.27999877929688,750.25,51.189998626708984,48220400,9757700,143996000,41562600,40564600
2026-05-29,311.7911071777344,297.9676818847656,210.6584930419922,752.6671142578125,51.21867752075195,312.05999755859375,299.30999755859375,211.13999938964844,756.47998046875,51.58000183105469,315.0,299.8800048828125,217.86000061035156,758.0800170898438,51.790000915527344,309.5299987792969,295.20001220703125,211.1300048828125,754.6900024414062,51.16999816894531,311.7799987792969,296.3999938964844,214.5800018310547,755.9000244140625,51.279998779296875,70026800,13969000,289410600,55075700,34240300
2026-06-01,306.0460510253906,295.2499084472656,223.8483428955078,754.7167358398438,51.06972885131836,306.30999755859375,296.5799865722656,224.36000061035156,758.5399780273438,51.43000030517578,310.94000244140625,299.54998779296875,224.8699951171875,760.280029296875,51.599998474121094,305.0199890136719,295.2699890136719,215.6999969482422,754.6900024414062,51.189998626708984,309.6300048828125,297.69000244140625,215.72999572753906,755.3599853515625,51.22999954223633,48849900,7930000,212850700,43634900,34507600
2026-06-02,314.92840576171875,299.6102600097656,222.3118438720703,755.7415771484375,51.09951400756836,315.20001220703125,300.9599914550781,222.82000732421875,759.5700073242188,51.459999084472656,315.45001220703125,302.07000732421875,232.27999877929688,760.4000244140625,51.65999984741211,306.69000244140625,295.2699890136719,221.35000610351562,756.75,50.97999954223633,307.4599914550781,296.5,227.17999267578125,757.030029296875,51.22999954223633,44534700,8296200,193362900,31581900,30988800
2026-06-03,309.9926452636719,299.50079345703125,214.26025390625,750.4384155273438,50.513648986816406,310.260009765625,300.8500061035156,214.75,754.239990234375,50.869998931884766,316.94000244140625,301.9599914550781,222.82000732421875,758.7999877929688,51.15999984741211,308.8500061035156,296.55999755859375,214.50999450683594,753.5700073242188,50.52000045776367,314.17999267578125,299.9200134277344,221.72000122070312,758.1500244140625,51.13999938964844,50836700,7003900,160907000,51402500,44906700
2026-06-04,310.9618225097656,309.4957580566406,218.4156036376953,753.2740478515625,51.82440185546875,311.2300109863281,310.8900146484375,218.66000366210938,757.0900268554688,52.189998626708984,313.5400085449219,312.9100036621094,221.60000610351562,758.3099975585938,52.29999923706055,309.6499938964844,304.44000244140625,210.97000122070312,751.469970703125,51.47999954223633,313.2300109863281,305.739990234375,213.91000366210938,752.0999755859375,51.540000915527344,44869100,10345200,169022200,49923000,57368100
2026-06-05,307.0751647949219,310.9691162109375,204.87075805664062,733.83251953125,51.93362808227539,307.3399963378906,312.3699951171875,205.10000610351562,737.5499877929688,52.29999923706055,315.1700134277344,315.0,214.8699951171875,752.8200073242188,52.47999954223633,307.1499938964844,309.6000061035156,204.3300018310547,735.530029296875,52.060001373291016,312.8599853515625,314.2900085449219,214.52999877929688,752.3099975585938,52.380001068115234,65310500,9118800,219655500,93989400,42101700
2026-06-08,301.2801818847656,309.7147521972656,208.40679931640625,735.4940795898438,51.60594177246094,301.5400085449219,311.1099853515625,208.63999938964844,739.219970703125,51.970001220703125,317.3999938964844,316.29998779296875,210.47000122070312,745.3400268554688,52.470001220703125,301.1700134277344,310.7799987792969,206.0,738.1900024414062,51.959999084472656,308.739990234375,313.25,210.17999267578125,743.3599853515625,52.2400016784668,77949100,6827000,138372800,49319100,39102700
2026-06-09,290.29962158203125,311.2976379394531,207.95730590820312,733.3350219726562,52.09251022338867,290.54998779296875,312.70001220703125,208.19000244140625,737.0499877929688,52.459999084472656,300.75,316.4200134277344,211.39999389648438,746.9000244140625,52.70000076293945,287.7799987792969,309.010009765625,199.33999633789062,722.5900268554688,52.040000915527344,300.2799987792969,313.510009765625,210.6199951171875,743.6300048828125,52.18000030517578,70108800,11594600,180962500,87683500,41695100
2026-06-10,291.3287353515625,307.75360107421875,200.19598388671875,721.7736206054688,51.86412048339844,291.5799865722656,309.1400146484375,200.4199981689453,725.4299926757812,52.22999954223633,294.75,314.75,207.22000122070312,738.3800048828125,52.810001373291016,287.3800048828125,309.0299987792969,199.9199981689453,725.3300170898438,52.209999084472656,290.739990234375,312.55999755859375,204.42999267578125,733.3900146484375,52.5,52793300,7446200,161746600,60341300,31128400
2026-06-11,295.375244140625,312.0840759277344,204.64100646972656,734.04150390625,52.25139236450195,295.6300048828125,313.489990234375,204.8699951171875,737.760009765625,52.619998931884766,297.0,314.7200012207031,205.66000366210938,740.0,52.77000045776367,289.5899963378906,308.8800048828125,199.5399932861328,724.4099731445312,52.040000915527344,293.7200012207031,309.55999755859375,201.49000549316406,728.760009765625,52.349998474121094,42572500,9116600,158643200,86330500,41295600
2026-06-12,290.879150390625,319.28167724609375,204.96066284179688,738.0113525390625,52.966346740722656,291.1300048828125,320.7200012207031,205.19000244140625,741.75,53.34000015258789,297.1400146484375,321.29998779296875,207.07000732421875,744.4400024414062,53.54999923706055,289.6199951171875,315.54998779296875,203.44000244140625,735.030029296875,52.810001373291016,296.0299987792969,315.9700012207031,204.86000061035156,740.7100219726562,52.959999084472656,38742100,7426200,112001800,57079500,51023300
2026-06-15,296.1645812988281,317.96759033203125,212.21253967285156,751.0254516601562,53.18480682373047,296.4200134277344,319.3999938964844,212.4499969482422,754.8300170898438,53.560001373291016,297.7799987792969,325.9200134277344,212.7100067138672,756.6799926757812,53.970001220703125,291.70001220703125,318.8399963378906,208.33999633789062,751.760009765625,53.47999954223633,294.1199951171875,323.9200134277344,208.9199981689453,751.8499755859375,53.7599983215332,45732600,7988900,149936700,60176400,37492400
2026-06-16,298.9821472167969,329.6549377441406,207.1781768798828,746.5481567382812,53.96927261352539,299.239990234375,331.1400146484375,207.41000366210938,750.3300170898438,54.349998474121094,300.4800109863281,331.75,211.49000549316406,755.4400024414062,54.43000030517578,293.9700012207031,324.0199890136719,207.2899932861328,749.8800048828125,53.849998474121094,295.25,324.29998779296875,211.17999267578125,754.5499877929688,54.0099983215332,39874400,11094900,125694100,67093100,37478300
2026-06-17,295.6949768066406,331.9645080566406,204.42124938964844,737.225341796875,53.67137145996094,295.95001220703125,333.4599914550781,204.64999389648438,740.9600219726562,54.04999923706055,302.07000732421875,337.7699890136719,209.2100067138672,752.1500244140625,54.88999938964844,294.3599853515625,331.5,203.0800018310547,739.219970703125,53.900001525878906,300.8500061035156,332.17999267578125,208.52999877929688,751.2899780273438,54.290000915527344,42745100,12246400,128363500,85945200,49571900
2026-06-18,297.7532043457031,323.761474609375,210.4545135498047,744.8902587890625,53.194732666015625,298.010009765625,325.2200012207031,210.69000244140625,746.739990234375,53.56999969482422,300.57000732421875,338.0899963378906,211.38999938964844,748.22998046875,54.61000061035156,295.6199951171875,324.1600036621094,206.5,743.8599853515625,53.459999084472656,298.1099853515625,336.95001220703125,207.3300018310547,747.760009765625,54.54999923706055,85962200,20111000,241272000,80875700,37816800
2026-06-22,296.75408935546875,329.993408203125,208.41677856445312,742.546142578125,53.510616302490234,297.010009765625,331.4800109863281,208.64999389648438,744.3900146484375,53.70000076293945,302.4200134277344,332.7699890136719,213.99000549316406,750.1799926757812,54.02000045776367,296.760009765625,326.75,207.72000122070312,743.1300048828125,53.56999969482422,297.30999755859375,329.70001220703125,211.44000244140625,747.7000122070312,53.619998931884766,44879900,10182500,122041400,46628100,27962800
2026-06-23,294.04638671875,332.6414794921875,199.81640625,731.7628784179688,53.68998336791992,294.29998779296875,334.1400146484375,200.0399932861328,733.5800170898438,53.880001068115234,301.6400146484375,335.3699951171875,203.77000427246094,739.6300048828125,54.029998779296875,294.17999267578125,327.2099914550781,200.0,732.2999877929688,53.4900016784668,297.5400085449219,329.4700012207031,202.1699981689453,733.8099975585938,53.630001068115234,52010900,7582200,153496200,66846800,33375300
2026-06-24,292.8274230957031,331.95458984375,198.77757263183594,731.4237060546875,53.530548095703125,293.0799865722656,333.45001220703125,199.0,733.239990234375,53.720001220703125,299.70001220703125,334.5299987792969,201.6699981689453,739.9500122070312,54.099998474121094,292.94000244140625,329.7699890136719,196.5800018310547,730.8400268554688,53.540000915527344,295.3599853515625,333.07000732421875,200.1199951171875,735.1699829101562,53.86000061035156,53081900,7907400,151810700,57439500,30809600
2026-06-25,274.91290283203125,333.6170654296875,195.52122497558594,732.4810791015625,53.261497497558594,275.1499938964844,335.1199951171875,195.74000549316406,734.2999877929688,53.45000076293945,288.79998779296875,343.45001220703125,200.8000030517578,739.3699951171875,54.68000030517578,273.75,334.760009765625,192.1300048828125,729.5999755859375,53.400001525878906,287.3999938964844,334.9599914550781,200.0800018310547,738.9099731445312,53.91999816894531,107013700,10043100,149550000,53934400,31634800
2026-06-26,283.53546142578125,327.57427978515625,192.31480407714844,727.1842651367188,53.38107681274414,283.7799987792969,329.04998779296875,192.52999877929688,728.989990234375,53.56999969482422,285.95001220703125,336.3999938964844,195.5500030517578,736.530029296875,53.939998626708984,274.2099914550781,327.5,191.22000122070312,716.5800170898438,53.20000076293945,275.0,336.0,193.1199951171875,728.9500122070312,53.560001373291016,261775500,17640900,179304100,71034000,26643000
2026-06-29,281.4972229003906,327.91278076171875,194.7520751953125,739.1644897460938,53.530548095703125,281.739990234375,329.3900146484375,194.97000122070312,741.0,53.720001220703125,288.3699951171875,332.3900146484375,196.17999267578125,741.5599975585938,54.029998779296875,279.8500061035156,327.20001220703125,189.8000030517578,732.0900268554688,53.68000030517578,286.7300109863281,328.2799987792969,193.85000610351562,736.530029296875,53.70000076293945,66427000,7981800,148835700,58035200,31628000
2026-06-30,289.11065673828125,325.86199951171875,199.86634826660156,744.9202270507812,53.420936584472656,289.3599853515625,327.3299865722656,200.08999633789062,746.77001953125,53.61000061035156,289.94000244140625,330.44000244140625,200.6300048828125,748.02001953125,53.849998474121094,280.70001220703125,326.67999267578125,195.11000061035156,740.8900146484375,53.400001525878906,281.1700134277344,328.8900146484375,197.24000549316406,741.2899780273438,53.65999984741211,65100200,8080100,166476700,55626000,27725300
2026-07-01,294.1263427734375,332.5718078613281,197.35916137695312,743.9127197265625,54.58680725097656,294.3800048828125,334.07000732421875,197.5800018310547,745.760009765625,54.779998779296875,296.5899963378906,335.6400146484375,199.85000610351562,749.4400024414062,55.08000183105469,289.20001220703125,325.010009765625,193.4499969482422,742.3800048828125,53.75,293.44000244140625,328.3699951171875,196.1999969482422,745.0,53.83000183105469,50164200,15210200,146147600,47100900,47809800
2026-07-02,308.3640441894531,332.9700012207031,194.61224365234375,742.9351806640625,55.42384338378906,308.6300048828125,334.4700012207031,194.8300018310547,744.780029296875,55.619998931884766,309.4200134277344,340.0,200.05999755859375,751.3099975585938,55.63999938964844,293.67999267578125,331.7699890136719,192.35000610351562,740.030029296875,55.0099983215332,294.1199951171875,338.0199890136719,197.13999938964844,747.4000244140625,55.279998779296875,75352800,8413900,142068700,57447800,46246100
2026-07-06,312.3905944824219,337.7200012207031,195.33143615722656,749.4190673828125,55.942012786865234,312.6600036621094,337.7200012207031,195.5500030517578,751.280029296875,56.13999938964844,314.20001220703125,339.7200012207031,197.5500030517578,752.4099731445312,56.15999984741211,307.0,334.1099853515625,193.99000549316406,747.4099731445312,55.58000183105469,307.3599853515625,335.0,194.4199981689453,748.739990234375,55.849998474121094,53590000,8673500,108999000,50673300,32043700
2026-07-07,310.3923034667969,339.2200012207031,196.7098846435547,745.85791015625,55.85232925415039,310.6600036621094,339.2200012207031,196.92999267578125,747.7100219726562,56.04999923706055,315.4800109863281,341.3999938964844,198.41000366210938,750.9600219726562,56.59000015258789,310.1499938964844,337.0899963378906,191.13999938964844,745.2100219726562,56.0099983215332,315.2900085449219,340.9800109863281,192.3699951171875,750.219970703125,56.310001373291016,42490000,7115800,124154600,43721500,27116500
2026-07-08,313.1199645996094,330.6199951171875,203.891845703125,743.5536499023438,54.77613830566406,313.3900146484375,330.6199951171875,204.1199951171875,745.4000244140625,54.970001220703125,314.82000732421875,336.5299987792969,205.16000366210938,746.1500244140625,55.79999923706055,307.04998779296875,330.1300048828125,195.05999755859375,739.510009765625,54.95000076293945,311.9100036621094,336.5299987792969,195.17999267578125,743.1599731445312,55.790000915527344,41323500,18505200,147419100,43767400,41648100
2026-07-09,315.947509765625,335.4700012207031,202.5533447265625,749.8480224609375,55.3441276550293,316.2200012207031,335.4700012207031,202.77999877929688,751.7100219726562,55.540000915527344,316.5299987792969,337.0,204.58999633789062,751.969970703125,55.689998626708984,308.1600036621094,330.80999755859375,198.9600067138672,745.5900268554688,54.970001220703125,310.510009765625,331.4599914550781,204.4600067138672,747.3499755859375,55.06999969482422,48124500,15570600,132037400,41441700,26542000
2026-07-10,315.0483093261719,336.4700012207031,210.72421264648438,753.0799560546875,55.513526916503906,315.32000732421875,336.4700012207031,210.9600067138672,754.9500122070312,55.709999084472656,316.9100036621094,338.5899963378906,211.0,755.4199829101562,56.029998779296875,312.1700134277344,335.7699890136719,201.9199981689453,748.0999755859375,55.36000061035156,314.7200012207031,337.4700012207031,202.0,752.0499877929688,55.9900016784668,34132300,6299000,148421000,42191300,24046300
2026-07-13,317.03656005859375,334.5299987792969,203.30250549316406,747.3142700195312,55.872257232666016,317.30999755859375,334.5299987792969,203.52999877929688,749.1699829101562,56.06999969482422,323.45001220703125,338.3500061035156,210.57000732421875,753.9099731445312,56.15999984741211,315.7799987792969,332.5,203.0,748.0,55.61000061035156,317.0199890136719,338.3399963378906,208.5399932861328,752.469970703125,55.97999954223633,43257800,7120300,121411000,44013600,33391000
2026-07-14,314.58868408203125,342.8900146484375,211.5632781982422,749.9677124023438,55.98187255859375,314.8599853515625,342.8900146484375,211.8000030517578,751.8300170898438,56.18000030517578,316.19000244140625,344.7300109863281,212.5500030517578,753.3400268554688,56.79999923706055,311.9100036621094,325.75,203.8000030517578,748.6599731445312,55.59000015258789,313.760009765625,327.0,208.1999969482422,750.9099731445312,55.599998474121094,36336800,14537900,124379600,35143100,43208800
2026-07-15,327.2178039550781,346.9100036621094,212.26248168945312,752.9403076171875,56.360530853271484,327.5,346.9100036621094,212.5,754.8099975585938,56.560001373291016,328.7300109863281,351.239990234375,213.80999755859375,755.5800170898438,56.81999969482422,317.32000732421875,344.04998779296875,206.0399932861328,750.2000122070312,56.18000030517578,317.6199951171875,345.8500061035156,211.9600067138672,754.239990234375,56.29999923706055,60957600,10750000,124797200,43844800,49425400
2026-07-16,332.97283935546875,343.1499938964844,207.16818237304688,748.8604125976562,56.549861907958984,333.260009765625,343.1499938964844,207.39999389648438,750.719970703125,56.75,334.67999267578125,349.3399963378906,211.0800018310547,754.5700073242188,56.84000015258789,326.7900085449219,341.1099853515625,205.85000610351562,747.8800048828125,56.38999938964844,328.010009765625,349.2799987792969,210.1699981689453,752.760009765625,56.7599983215332,62970600,12432400,122986100,46409800,27591200
2026-07-17,333.452392578125,341.1000061035156,202.58331298828125,741.4487915039062,56.061588287353516,333.739990234375,341.1000061035156,202.80999755859375,743.2899780273438,56.2599983215332,334.989990234375,346.1300048828125,206.64999389648438,747.2899780273438,56.939998626708984,329.0,335.04998779296875,197.97000122070312,740.7999877929688,56.119998931884766,331.9800109863281,339.0299987792969,202.63999938964844,742.0800170898438,56.43000030517578,63407100,9250900,144281900,62651000,42881800
2026-07-20,326.3085632324219,338.8699951171875,203.05279541015625,740.2518310546875,55.84236526489258,326.5899963378906,338.8699951171875,203.27999877929688,742.0900268554688,56.040000915527344,333.7099914550781,344.260009765625,207.74000549316406,748.72998046875,56.380001068115234,323.67999267578125,337.3699951171875,202.27999877929688,741.510009765625,55.88999938964844,333.510009765625,341.79998779296875,205.8699951171875,747.0599975585938,56.29999923706055,53468000,7723300,88701500,50422300,38162600
2026-07-21,327.45758056640625,345.2300109863281,207.0583038330078,746.426513671875,55.91211700439453,327.739990234375,345.2300109863281,207.2899932861328,748.280029296875,56.11000061035156,329.6000061035156,345.739990234375,208.64999389648438,749.0399780273438,56.34000015258789,322.2200012207031,337.29998779296875,204.00999450683594,744.1799926757812,55.720001220703125,323.1300048828125,340.1199951171875,207.5399932861328,746.2899780273438,55.9900016784668,41338900,6015300,108685600,34324300,26399000
2026-07-22,325.60919189453125,348.2099914550781,211.82298278808594,745.55859375,55.85232925415039,325.8900146484375,348.2099914550781,212.05999755859375,747.4099731445312,56.04999923706055,329.0,349.07000732421875,214.38999938964844,750.02001953125,56.279998779296875,323.3399963378906,344.25,204.9499969482422,746.3699951171875,55.90999984741211,327.8699951171875,345.07000732421875,205.80999755859375,746.6199951171875,56.13999938964844,38755900,8040200,137645600,32836200,25430900
2026-07-23,321.3828430175781,349.8999938964844,208.5266571044922,736.3515014648438,55.63310623168945,321.6600036621094,349.8999938964844,208.75999450683594,738.1799926757812,55.83000183105469,323.29998779296875,349.9200134277344,210.8699951171875,742.5599975585938,55.86000061035156,319.3500061035156,345.4200134277344,205.9600067138672,735.2100219726562,55.45000076293945,321.7300109863281,346.5799865722656,209.4600067138672,739.3699951171875,55.68000030517578,40840800,10913000,110505300,55437300,24311000
2026-07-24,332.7330322265625,353.2099914550781,206.6088104248047,737.099609375,56.111412048339844,333.0199890136719,353.2099914550781,206.83999633789062,738.9299926757812,56.310001373291016,334.3699951171875,353.3699951171875,211.91000366210938,743.719970703125,56.380001068115234,321.6199951171875,347.5,204.80999755859375,737.2899780273438,55.689998626708984,321.7900085449219,350.6400146484375,207.4499969482422,738.510009765625,55.83000183105469,47489400,7520800,114836800,44782000,32212900
2026-07-27,336.61968994140625,356.20001220703125,196.2903594970703,737.25927734375,56.67940139770508,336.9100036621094,356.20001220703125,196.50999450683594,739.0900268554688,56.880001068115234,339.57000732421875,359.04998779296875,208.75,745.530029296875,57.130001068115234,334.0199890136719,352.5799865722656,195.44000244140625,735.8699951171875,56.59000015258789,334.5400085449219,357.8900146484375,208.1999969482422,744.9099731445312,56.7599983215332,49604300,7884900,154353700,41461200,29805900
2026-07-28,339.78692626953125,357.30999755859375,196.789794921875,739.0248413085938,57.3968620300293,340.0799865722656,357.30999755859375,197.00999450683594,740.8599853515625,57.599998474121094,342.8900146484375,359.29998779296875,198.6999969482422,742.7899780273438,57.599998474121094,335.6000061035156,354.1499938964844,192.74000549316406,735.97998046875,56.95000076293945,340.0299987792969,357.29998779296875,195.0,739.1900024414062,57.130001068115234,51859000,6533800,134111500,47322200,34204400
2026-07-29,337.8985900878906,344.7099914550781,189.79762268066406,727.6531372070312,56.480106353759766,338.19000244140625,344.7099914550781,190.00999450683594,729.4600219726562,56.68000030517578,344.57000732421875,357.3699951171875,197.07000732421875,742.6799926757812,57.470001220703125,337.3500061035156,343.7799987792969,190.00999450683594,729.0999755859375,56.59000015258789,339.7300109863281,356.5,195.85000610351562,739.969970703125,57.290000915527344,56090800,8265300,147680800,70697200,49038800
2026-07-30,333.1426696777344,350.8500061035156,194.82199096679688,739.852783203125,56.798980712890625,333.42999267578125,350.8500061035156,195.0399932861328,741.6900024414062,57.0,334.75,352.2799987792969,197.25,742.4500122070312,57.04999923706055,329.5899963378906,345.3699951171875,191.52000427246094,734.5900268554688,56.18000030517578,333.1000061035156,347.5400085449219,193.4499969482422,736.0499877929688,56.81999969482422,74817800,7606500,129010200,66811300,33184200
2026-07-31,308.6438293457031,351.7900085449219,200.52561950683594,745.1796264648438,56.73918914794922,308.9100036621094,351.7900085449219,200.75,747.030029296875,56.939998626708984,310.69000244140625,354.4700012207031,202.0,748.9000244140625,57.119998931884766,300.0,349.70001220703125,194.9499969482422,737.6799926757812,56.689998626708984,304.80999755859375,353.29998779296875,198.44000244140625,744.6799926757812,56.810001373291016,132489100,6603400,139961200,62445900,32543500
2026-08-03,303.1585693359375,352.6400146484375,206.40904235839844,755.793212890625,57.17763900756836,303.4200134277344,352.6400146484375,206.63999938964844,757.6699829101562,57.380001068115234,311.79998779296875,355.6199951171875,208.74000549316406,758.5800170898438,57.54999923706055,302.55999755859375,350.8399963378906,196.85000610351562,748.7999877929688,57.0,309.5799865722656,353.75,197.69000244140625,749.4400024414062,57.290000915527344,75052000,6436600,128406900,59927500,31019400
2026-08-04,309.1134033203125,357.5199890136719,211.70310974121094,769.4193725585938,57.67587661743164,309.3800048828125,357.5199890136719,211.94000244140625,771.3300170898438,57.880001068115234,310.4200134277344,363.0,213.05999755859375,773.4099731445312,58.02000045776367,301.32000732421875,353.8699951171875,209.0500030517578,760.52001953125,57.189998626708984,302.7300109863281,355.0,211.3000030517578,760.6300048828125,57.220001220703125,68001000,8477200,134922000,69154800,31466100
2026-08-05,310.7320251464844,359.239990234375,218.9749755859375,767.8831787109375,57.79545211791992,311.0,359.239990234375,219.22000122070312,769.7899780273438,58.0,311.7099914550781,362.1700134277344,222.22000122070312,776.8499755859375,58.40999984741211,305.6700134277344,358.20001220703125,216.39999389648438,769.510009765625,57.79999923706055,309.3599853515625,358.9700012207031,216.86000061035156,775.8499755859375,58.18000030517578,49438800,5269500,158187400,44689100,34275600
2026-08-06,312.14080810546875,356.29998779296875,218.7452392578125,766.65625,57.60612487792969,312.4100036621094,356.29998779296875,218.99000549316406,768.5599975585938,57.810001373291016,316.2900085449219,362.80999755859375,223.6300048828125,771.8200073242188,58.380001068115234,309.2300109863281,354.95001220703125,217.0,767.4600219726562,57.59000015258789,314.3399963378906,362.80999755859375,221.52999877929688,770.2100219726562,58.380001068115234,46139900,5820100,113940600,38416900,27704200
2026-08-07,313.05999755859375,357.5199890136719,223.70968627929688,771.3446044921875,57.3968620300293,313.3299865722656,357.5199890136719,223.9600067138672,773.260009765625,57.599998474121094,314.80999755859375,358.8500061035156,224.75999450683594,773.9199829101562,57.790000915527344,310.739990234375,353.3299865722656,220.66000366210938,769.6099853515625,57.34000015258789,311.45001220703125,355.760009765625,221.5399932861328,771.02001953125,57.61000061035156,34437200,4566200,105669400,43586300,20816700
2026-08-10,308.260009765625,359.7900085449219,217.3068389892578,771.1151733398438,57.60612487792969,308.260009765625,359.7900085449219,217.5500030517578,773.030029296875,57.810001373291016,308.260009765625,359.989990234375,224.13999938964844,775.0499877929688,58.02000045776367,304.6099853515625,356.5,216.77000427246094,771.6199951171875,57.459999084472656,306.8299865722656,357.9599914550781,223.39999389648438,772.5999755859375,57.540000915527344,44812500,5327500,115846600,39249500,26070800
2026-08-11,304.9100036621094,362.0400085449219,217.25689697265625,768.6513061523438,57.59615707397461,304.9100036621094,362.0400085449219,217.5,770.5599975585938,57.79999923706055,309.9700012207031,363.1199951171875,222.1999969482422,774.6099853515625,58.099998474121094,302.7900085449219,358.6000061035156,216.1999969482422,769.2000122070312,57.720001220703125,307.75,360.04998779296875,222.1699981689453,774.530029296875,57.779998779296875,37476700,4576500,101273100,36740600,19797000
2026-08-12,302.25,365.17999267578125,223.8395233154297,770.5764770507812,57.71573257446289,302.25,365.17999267578125,224.08999633789062,772.489990234375,57.91999816894531,305.6600036621094,366.0899963378906,225.10000610351562,774.9000244140625,58.0,300.57000732421875,361.29998779296875,220.1999969482422,771.280029296875,57.68000030517578,305.1000061035156,362.9700012207031,221.0399932861328,774.7100219726562,57.83000183105469,41657800,4366800,108783600,33179100,18531700
2026-08-13,305.260009765625,363.1099853515625,225.04818725585938,775.9531860351562,58.054534912109375,305.260009765625,363.1099853515625,225.3000030517578,777.8800048828125,58.2599983215332,306.0,366.5,227.22999572753906,779.3699951171875,58.310001373291016,302.04998779296875,361.5199890136719,223.7100067138672,774.1099853515625,57.75,304.2099914550781,366.5,225.05999755859375,774.8699951171875,58.189998626708984,40349300,5102700,98867200,35634500,23193500
2026-08-14,305.92999267578125,362.8399963378906,224.90834045410156,774.4169921875,57.95488739013672,305.92999267578125,362.8399963378906,225.16000366210938,776.3400268554688,58.15999984741211,307.489990234375,365.8999938964844,227.49000549316406,778.7999877929688,58.290000915527344,304.29998779296875,361.45001220703125,224.5,775.4299926757812,58.060001373291016,306.0,363.0,226.77000427246094,778.5399780273438,58.220001220703125,28229400,5058600,75680900,31367900,28130100
2026-08-17,305.5899963378906,360.9599914550781,224.7584991455078,770.7560424804688,57.37693405151367,305.5899963378906,360.9599914550781,225.00999450683594,772.6699829101562,57.58000183105469,307.6600036621094,365.75,227.9199981689453,776.780029296875,58.27000045776367,302.94000244140625,360.9599914550781,224.86000061035156,772.510009765625,57.54999923706055,306.2099914550781,361.94000244140625,225.97999572753906,776.1799926757812,57.959999084472656,38169300,5282600,93678700,34356600,45636700
2026-08-18,310.0299987792969,363.25,219.49440002441406,765.5490112304688,57.636016845703125,310.0299987792969,363.25,219.74000549316406,767.4500122070312,57.84000015258789,311.489990234375,363.57000732421875,221.63999938964844,769.5,57.97999954223633,305.739990234375,359.2699890136719,218.69000244140625,766.9199829101562,57.56999969482422,307.5799865722656,362.3399963378906,220.4499969482422,768.7000122070312,57.72999954223633,53424500,5525100,103128200,43920900,25389400
2026-08-19,316.8299865722656,357.260009765625,217.31683349609375,767.1549682617188,57.277286529541016,316.8299865722656,357.260009765625,217.55999755859375,769.0599975585938,57.47999954223633,319.2799987792969,363.04998779296875,222.8699951171875,772.469970703125,58.20000076293945,309.6000061035156,355.6499938964844,216.75999450683594,768.0999755859375,57.41999816894531,310.1400146484375,363.010009765625,221.6699981689453,770.3599853515625,57.880001068115234,50505600,6696200,96797300,40306000,35648300
2026-08-20,311.29998779296875,351.54998779296875,216.60763549804688,760.7109985351562,56.7491569519043,311.29998779296875,351.54998779296875,216.85000610351562,762.5999755859375,56.95000076293945,320.2799987792969,357.95001220703125,219.86000061035156,768.1500244140625,57.65999984741211,310.6499938964844,351.54998779296875,215.66000366210938,762.0399780273438,56.90999984741211,317.4599914550781,357.6000061035156,218.36000061035156,765.9600219726562,57.470001220703125,40959200,6799700,92457000,45520300,30704200
2026-08-21,309.3500061035156,351.5799865722656,214.48001098632812,763.8232421875,57.277286529541016,309.3500061035156,351.5799865722656,214.72000122070312,765.719970703125,57.47999954223633,312.3800048828125,356.8599853515625,218.74000549316406,767.8499755859375,57.70000076293945,307.010009765625,350.3699951171875,214.5,764.1699829101562,57.25,312.04998779296875,354.07000732421875,218.4199981689453,766.0499877929688,57.31999969482422,46876800,8112100,98869300,39188700,27273100
2026-08-24,310.3399963378906,356.3900146484375,208.24697875976562,761.5787963867188,58.014678955078125,310.3399963378906,356.3900146484375,208.47999572753906,763.469970703125,58.220001220703125,313.3599853515625,358.2799987792969,215.58999633789062,765.219970703125,58.380001068115234,309.9700012207031,352.82000732421875,207.25,762.0800170898438,57.63999938964844,311.4700012207031,353.29998779296875,215.52999877929688,764.780029296875,57.70000076293945,34673600,4394400,135187300,32430900,31462900
2026-08-25,309.8999938964844,356.69000244140625,212.81187438964844,764.0127563476562,58.1043586730957,309.8999938964844,356.69000244140625,213.0500030517578,765.9099731445312,58.310001373291016,313.5899963378906,357.3699951171875,214.72999572753906,766.780029296875,58.36000061035156,308.2099914550781,353.07000732421875,210.11000061035156,763.0499877929688,57.869998931884766,310.7900085449219,357.0,211.02999877929688,766.1599731445312,58.189998626708984,25869800,4298000,122309000,27422300,23685100
2026-08-26,313.45001220703125,356.5,209.4256591796875,764.182373046875,58.054534912109375,313.45001220703125,356.5,209.66000366210938,766.0800170898438,58.2599983215332,315.42999267578125,358.3500061035156,213.60000610351562,767.3499755859375,58.380001068115234,308.79998779296875,354.6000061035156,209.22999572753906,763.9299926757812,58.02000045776367,310.29998779296875,356.5,212.63999938964844,764.72998046875,58.25,34024500,5796500,179900000,28751600,20054000
2026-08-27,314.5799865722656,354.2200012207031,227.7251739501953,769.18994140625,57.67587661743164,314.5799865722656,354.2200012207031,227.97999572753906,771.0999755859375,57.880001068115234,315.3999938964844,357.57000732421875,230.47000122070312,772.3599853515625,58.22999954223633,309.3999938964844,352.2300109863281,220.89999389648438,767.1599731445312,57.72999954223633,310.54998779296875,354.67999267578125,222.86000061035156,768.5,57.90999984741211,32419200,5209900,298909800,34557100,26082100
2026-08-28,319.70001220703125,357.6199951171875,217.3068389892578,767.4442749023438,57.89509963989258,319.70001220703125,357.6199951171875,217.5500030517578,769.3499755859375,58.099998474121094,322.3699951171875,358.7300109863281,229.25999450683594,775.2999877929688,58.40999984741211,315.45001220703125,354.2200012207031,216.80999755859375,768.3099975585938,57.91999816894531,316.8500061035156,355.6700134277344,227.36000061035156,771.760009765625,57.97999954223633,38649400,3914500,195116400,36744300,25142600
2026-08-31,316.8500061035156,356.0199890136719,220.53323364257812,765.1499633789062,57.506473541259766,316.8500061035156,356.0199890136719,220.77999877929688,767.0499877929688,57.709999084472656,321.239990234375,357.7699890136719,221.3000030517578,768.0,57.93000030517578,312.79998779296875,354.7699890136719,216.2100067138672,764.719970703125,57.689998626708984,319.6000061035156,355.8999938964844,218.8699951171875,767.3300170898438,57.86000061035156,41242700,7962900,124702700,38810800,25215700
2026-09-01,325.1300048828125,354.95001220703125,217.1969757080078,759.89306640625,56.99827575683594,325.1300048828125,354.95001220703125,217.44000244140625,761.780029296875,57.20000076293945,327.29998779296875,359.92999267578125,220.41000366210938,764.6699829101562,57.97999954223633,314.7300109863281,354.1199951171875,215.10000610351562,759.47998046875,57.130001068115234,316.9800109863281,355.7300109863281,216.75,762.010009765625,57.61000061035156,53167400,5079000,109756200,41126300,32396200
2026-09-02,324.9599914550781,356.2200012207031,224.1591796875,763.2646484375,57.45664978027344,324.9599914550781,356.2200012207031,224.41000366210938,765.1599731445312,57.65999984741211,328.3999938964844,361.4700012207031,227.9499969482422,766.4299926757812,58.22999954223633,323.5299987792969,353.7900085449219,218.47999572753906,761.72998046875,57.31999969482422,326.8699951171875,357.54998779296875,218.7899932861328,762.4500122070312,57.380001068115234,33776400,5341400,157104700,29566200,31321800
2026-09-03,328.2099914550781,362.05999755859375,228.1946563720703,771.2548217773438,58.353477478027344,328.2099914550781,362.05999755859375,228.4499969482422,773.1699829101562,58.560001373291016,330.80999755859375,362.8500061035156,230.39999389648438,774.030029296875,58.599998474121094,324.1099853515625,356.3900146484375,224.75,767.4500122070312,57.9900016784668,324.8699951171875,358.67999267578125,226.02000427246094,767.9000244140625,58.0,37225800,5414200,134681600,43531600,32670500
2026-09-04,319.9700012207031,358.6400146484375,230.10252380371094,768.2822265625,57.89509963989258,319.9700012207031,358.6400146484375,230.36000061035156,770.1900024414062,58.099998474121094,328.92999267578125,362.8599853515625,234.75999450683594,772.8699951171875,58.380001068115234,317.8599853515625,355.20001220703125,229.6300048828125,769.0,57.91999816894531,328.30999755859375,361.0,231.08999633789062,772.010009765625,58.040000915527344,39606900,4873500,135352400,34054200,26361500
2026-09-08,316.2200012207031,353.510009765625,225.47769165039062,764.0626831054688,57.09791946411133,316.2200012207031,353.510009765625,225.72999572753906,765.9600219726562,57.29999923706055,320.70001220703125,358.54998779296875,233.7100067138672,769.7000122070312,57.81999969482422,314.8999938964844,353.2300109863281,224.85000610351562,765.1400146484375,57.2599983215332,317.1000061035156,357.1000061035156,233.11000061035156,769.0700073242188,57.709999084472656,35477100,5631400,122965600,44746100,38239200
2026-09-09,315.3399963378906,354.7099914550781,223.4199981689453,760.5115356445312,56.858768463134766,315.3399963378906,354.7099914550781,223.6699981689453,762.4000244140625,57.060001373291016,319.1499938964844,356.3299865722656,226.17999267578125,764.469970703125,57.33000183105469,309.8999938964844,348.69000244140625,223.4600067138672,760.9400024414062,56.72999954223633,315.489990234375,352.0,225.27999877929688,764.0800170898438,57.130001068115234,65640000,6318200,82955500,32812400,27523000
2026-09-10,326.57000732421875,353.55999755859375,218.36000061035156,755.9528198242188,56.669437408447266,326.57000732421875,353.55999755859375,218.36000061035156,757.8300170898438,56.869998931884766,326.739990234375,354.2200012207031,220.99000549316406,760.1099853515625,57.11000061035156,316.510009765625,351.1199951171875,217.1999969482422,756.6400146484375,56.689998626708984,316.6700134277344,353.510009765625,220.52999877929688,758.030029296875,56.90999984741211,70011900,4184200,105768000,42740400,25355100
2026-09-11,332.2699890136719,356.2300109863281,218.2899932861328,762.3967895507812,57.048095703125,332.2699890136719,356.2300109863281,218.2899932861328,764.2899780273438,57.25,336.2200012207031,360.04998779296875,222.0,766.3800048828125,57.619998931884766,326.29998779296875,354.7900085449219,218.14999389648438,763.5999755859375,56.959999084472656,327.45001220703125,358.32000732421875,221.24000549316406,764.719970703125,57.439998626708984,50716900,5354600,89060100,45512700,34701500
2026-09-14,333.0799865722656,350.1300048828125,210.9600067138672,758.9952392578125,56.82887268066406,333.0799865722656,350.1300048828125,210.9600067138672,760.8800048828125,57.029998779296875,335.5,355.2799987792969,212.77000427246094,763.52001953125,57.56999969482422,331.3399963378906,347.54998779296875,208.92999267578125,757.9299926757812,56.7599983215332,334.7900085449219,354.2300109863281,211.24000549316406,759.0,57.34000015258789,39269100,9609900,132267200,43992400,38162400
2026-09-15,331.3399963378906,352.489990234375,212.1699981689453,755.513916015625,56.649505615234375,331.3399963378906,352.489990234375,212.1699981689453,757.3900146484375,56.849998474121094,331.7799987792969,354.70001220703125,213.94000244140625,760.3499755859375,56.9900016784668,328.3500061035156,343.07000732421875,211.16000366210938,756.1500244140625,56.459999084472656,330.1400146484375,351.0,213.3800048828125,760.1199951171875,56.970001220703125,31748200,14026500,88059700,46195000,30161600
2026-09-16,332.4100036621094,348.9200134277344,213.89999389648438,752.1821899414062,55.73275375366211,332.4100036621094,348.9200134277344,213.89999389648438,754.0499877929688,55.93000030517578,335.4800109863281,355.6000061035156,216.75999450683594,761.6699829101562,56.849998474121094,330.70001220703125,344.69000244140625,212.5,749.5999755859375,55.439998626708984,332.5299987792969,353.3800048828125,214.13999938964844,759.5,56.81999969482422,35981000,8303400,96563600,59217700,53072800
2026-09-17,337.0,349.30999755859375,219.33999633789062,760.7109985351562,55.68292999267578,337.0,349.30999755859375,219.33999633789062,762.5999755859375,55.880001068115234,338.3399963378906,353.489990234375,219.91000366210938,763.5700073242188,56.400001525878906,330.17999267578125,345.2699890136719,217.14999389648438,759.9600219726562,55.560001373291016,334.7699890136719,352.25,218.3800048828125,763.1500244140625,56.27000045776367,36700200,6480100,94191300,49652800,29191300
2026-09-18,336.1300048828125,349.6700134277344,222.27000427246094,761.6900024414062,55.66299819946289,336.1300048828125,349.6700134277344,222.27000427246094,761.6900024414062,55.86000061035156,338.489990234375,349.6700134277344,222.72999572753906,762.0,55.97999954223633,332.5299987792969,345.010009765625,218.02999877929688,757.969970703125,55.459999084472656,337.9100036621094,347.8900146484375,219.35000610351562,761.3099975585938,55.65999984741211,86588200,18312400,190287400,65395100,36017900
2026-09-21,338.9800109863281,352.0400085449219,227.3800048828125,773.5,55.900001525878906,338.9800109863281,352.0400085449219,227.3800048828125,773.5,55.900001525878906,339.6400146484375,354.5,228.5,774.8900146484375,56.209999084472656,333.04998779296875,350.0799865722656,221.55999755859375,766.030029296875,55.720001220703125,335.2799987792969,353.6700134277344,222.94000244140625,766.25,56.04999923706055,34999200,6414700,109806100,50484700,30640800
2026-09-22,339.75,340.0,228.8699951171875,773.3800048828125,54.79999923706055,339.75,340.0,228.8699951171875,773.3800048828125,54.79999923706055,345.3399963378906,352.1025085449219,229.97999572753906,775.1400146484375,56.04999923706055,338.75,337.29998779296875,226.5,772.5900268554688,54.54999923706055,340.3299865722656,352.0,226.91000366210938,774.030029296875,56.0,40599377,11403647,93296546,34483102,69564269
